MurataMa_4f:8a:bb,42
IntelCor_86:da:c1,60
fe80::e96f:45c9:4be7:981f,78
fe80::ae4b:c800:2383:9ff0,86
34.233.195.79,162
216.58.194.206,217
ff02::1:ff00:1,258
52.70.3.66,271
224.0.0.251,357
2620:0:863:ed1a::1,373
2607:f140:400:a023::2,516
2606:2800:220:1410:489:141e:20bb:12f6,522
144.217.66.26,544
104.16.13.231,598
104.16.12.231,598
2400:cb00:2048:1::6814:2a92,748
2600:1406:1a:397::29a7,757
2600:1406:1a:38c::29a7,757
23.203.225.32,1057
151.101.65.140,1089
151.101.194.49,1144
54.236.152.205,1252
23.203.229.97,1284
198.189.255.199,1285
2600:1406:1a:393::611,1294
2600:1406:1a:387::611,1294
198.189.255.139,1297
54.210.203.42,1318
2600:1406:1a:396::57,1411
13.65.244.143,1489
151.101.129.63,1525
13.107.3.128,1542
128.32.136.12,1647
34.236.89.191,1656
72.21.91.29,1660
52.109.12.20,1696
52.232.69.150,1732
52.5.27.146,1746
204.102.114.48,1888
224.0.0.252,2016
2400:cb00:2048:1::681c:26f,2017
52.151.59.184,2100
23.203.227.141,2170
104.244.42.2,2233
199.59.148.73,2233
104.244.42.129,2287
2a03:2880:f009:e:face:b00c:0:3,2310
104.16.10.231,2580
ff02::1:3,2656
104.16.11.231,2718
10.255.239.7,2736
151.101.188.193,2887
104.16.250.144,2920
2a04:4e42:2d::403,3655
12.129.210.52,3788
2607:f8b0:4005:806::2003,4228
2607:f8b0:4005:807::2003,4228
2607:f8b0:4005:80b::2003,4230
224.0.0.22,4266
40.78.29.78,4747
fe80::1,5074
2607:f8b0:4005:80a::200a,5491
2600:1406:1a:381::11e2,5605
104.16.58.5,5873
54.89.186.156,6394
2607:f8b0:4005:804::2003,6665
2607:f8b0:4005:802::2003,6665
2a03:2880:f10d:84:face:b00c:0:14c9,6933
ff02::16,7110
2607:f8b0:4005:80b::200a,7830
151.101.189.140,8356
108.177.98.188,8479
216.98.62.76,9657
2607:f8b0:4005:80b::200e,10203
104.16.59.5,10345
23.203.227.178,10441
40.77.226.249,10919
64.4.54.253,11092
2a03:2880:f10d:183:face:b00c:0:25de,11324
34.193.227.251,11824
13.89.220.65,14027
2607:f8b0:4005:806::2004,15182
216.98.54.23,15570
52.4.106.84,16903
2607:f8b0:4005:80a::2003,17139
2a03:2880:f027:18:face:b00c:0:3,18415
104.154.127.47,18789
34.206.211.125,18808
35.186.224.47,18814
2607:f8b0:4005:802::200e,20862
2607:f8b0:4005:805::200a,23387
239.255.255.250,25056
52.0.133.149,25712
128.32.206.9,30605
54.227.152.143,32114
2607:f8b0:4005:80a::200e,33523
2a03:2880:f00d:110:face:b00c:0:2,37024
2607:f8b0:4005:806::200e,39857
2607:f8b0:4005:805::2003,42252
64.4.54.254,44021
216.98.62.75,44597
34.200.200.221,46416
54.230.147.188,46562
2607:f8b0:400e:c03::bd,62848
198.189.255.214,74174
54.202.63.209,77471
198.189.255.215,97179
2607:f8b0:4005:805::200e,98517
2a03:2880:f027:13:face:b00c:0:2,112815
2607:f140:400:a023:e96f:45c9:4be7:981f,199662
2a03:2880:f00d:115:face:b00c:0:3,201758
ff02::1,240530
2a03:2880:f00d:1:face:b00c:0:1,255017
2a03:2880:f00d:13:face:b00c:0:1823,353953
2a03:2880:f00d:8:face:b00c:0:1,387668
2a03:2880:f10d:83:face:b00c:0:25de,832992
Broadcast,918078
104.16.60.37,1044119
10.142.143.255,1062010
10.142.143.142,8272887
2607:f140:400:a023:c4a0:6ac1:218d:34ca,56176249
